{
  "IcoMoonType": "selection",
  "icons": [
    {
      "icon": {
        "paths": [
          "M804.571 420.571v109.714c0 30.286-24.571 54.857-54.857 54.857h-237.714v237.714c0 30.286-24.571 54.857-54.857 54.857h-109.714c-30.286 0-54.857-24.571-54.857-54.857v-237.714h-237.714c-30.286 0-54.857-24.571-54.857-54.857v-109.714c0-30.286 24.571-54.857 54.857-54.857h237.714v-237.714c0-30.286 24.571-54.857 54.857-54.857h109.714c30.286 0 54.857 24.571 54.857 54.857v237.714h237.714c30.286 0 54.857 24.571 54.857 54.857z"
        ],
        "width": 804.5714285714286,
        "attrs": [],
        "isMulticolor": false,
        "isMulticolor2": false,
        "tags": [
          "plus"
        ],
        "defaultCode": 61543,
        "grid": 14
      },
      "attrs": [],
      "properties": {
        "name": "plus",
        "id": 1,
        "order": 2,
        "prevSize": 28,
        "code": 61543
      },
      "setIdx": 0,
      "setId": 2,
      "iconIdx": 1
    },
    {
      "icon": {
        "paths": [
          "M292.571 420.571v329.143c0 10.286-8 18.286-18.286 18.286h-36.571c-10.286 0-18.286-8-18.286-18.286v-329.143c0-10.286 8-18.286 18.286-18.286h36.571c10.286 0 18.286 8 18.286 18.286zM438.857 420.571v329.143c0 10.286-8 18.286-18.286 18.286h-36.571c-10.286 0-18.286-8-18.286-18.286v-329.143c0-10.286 8-18.286 18.286-18.286h36.571c10.286 0 18.286 8 18.286 18.286zM585.143 420.571v329.143c0 10.286-8 18.286-18.286 18.286h-36.571c-10.286 0-18.286-8-18.286-18.286v-329.143c0-10.286 8-18.286 18.286-18.286h36.571c10.286 0 18.286 8 18.286 18.286zM658.286 834.286v-541.714h-512v541.714c0 27.429 15.429 43.429 18.286 43.429h475.429c2.857 0 18.286-16 18.286-43.429zM274.286 219.429h256l-27.429-66.857c-1.714-2.286-6.857-5.714-9.714-6.286h-181.143c-3.429 0.571-8 4-9.714 6.286zM804.571 237.714v36.571c0 10.286-8 18.286-18.286 18.286h-54.857v541.714c0 62.857-41.143 116.571-91.429 116.571h-475.429c-50.286 0-91.429-51.429-91.429-114.286v-544h-54.857c-10.286 0-18.286-8-18.286-18.286v-36.571c0-10.286 8-18.286 18.286-18.286h176.571l40-95.429c11.429-28 45.714-50.857 76-50.857h182.857c30.286 0 64.571 22.857 76 50.857l40 95.429h176.571c10.286 0 18.286 8 18.286 18.286z"
        ],
        "width": 804.5714285714286,
        "attrs": [],
        "isMulticolor": false,
        "isMulticolor2": false,
        "tags": [
          "trash-o"
        ],
        "defaultCode": 61460,
        "grid": 14
      },
      "attrs": [],
      "properties": {
        "name": "trash-o",
        "id": 23,
        "order": 12,
        "prevSize": 28,
        "code": 61460
      },
      "setIdx": 0,
      "setId": 2,
      "iconIdx": 23
    },
    {
      "icon": {
        "paths": [
          "M207.429 877.714l52-52-134.286-134.286-52 52v61.143h73.143v73.143h61.143zM506.286 347.429c0-7.429-5.143-12.571-12.571-12.571-3.429 0-6.857 1.143-9.714 4l-309.714 309.714c-2.857 2.857-4 6.286-4 9.714 0 7.429 5.143 12.571 12.571 12.571 3.429 0 6.857-1.143 9.714-4l309.714-309.714c2.857-2.857 4-6.286 4-9.714zM475.429 237.714l237.714 237.714-475.429 475.429h-237.714v-237.714zM865.714 292.571c0 19.429-8 38.286-21.143 51.429l-94.857 94.857-237.714-237.714 94.857-94.286c13.143-13.714 32-21.714 51.429-21.714s38.286 8 52 21.714l134.286 133.714c13.143 13.714 21.143 32.571 21.143 52z"
        ],
        "width": 865.7188571428571,
        "attrs": [],
        "isMulticolor": false,
        "isMulticolor2": false,
        "tags": [
          "pencil"
        ],
        "defaultCode": 61504,
        "grid": 14
      },
      "attrs": [],
      "properties": {
        "name": "pencil",
        "id": 64,
        "order": 3,
        "prevSize": 28,
        "code": 61504
      },
      "setIdx": 0,
      "setId": 2,
      "iconIdx": 64
    },
    {
      "icon": {
        "paths": [
          "M680.571 233.143h101.143l-41.143-124.571-6.857-26.857c-0.571-4.571-1.143-8-1.143-11.429h-2.286l-1.714 11.429c-1.714 6.857-2.286 15.429-6.286 26.857zM420.571 822.857c0 5.143-2.286 9.714-5.714 13.714l-182.286 182.286c-4 3.429-8.571 5.143-13.143 5.143s-9.143-1.714-13.143-5.143l-182.857-182.857c-5.143-5.714-6.857-13.143-4-20s9.714-11.429 17.143-11.429h109.714v-786.286c0-10.286 8-18.286 18.286-18.286h109.714c10.286 0 18.286 8 18.286 18.286v786.286h109.714c10.286 0 18.286 8 18.286 18.286zM898.286 890.857v133.143h-333.714v-51.429l210.857-302.286c4.571-6.857 9.143-12.571 12-15.429l6.286-5.143v-1.714c-2.286 0-4.571 0.571-8 0.571-4.571 1.143-10.286 1.714-17.143 1.714h-132.571v65.714h-68.571v-130.857h324v50.857l-210.857 302.857c-3.429 5.143-8 10.286-12 14.857l-6.286 6.286v1.143l8-1.143c5.143-1.143 10.286-1.143 17.143-1.143h141.714v-68h69.143zM949.143 378.286v60.571h-164.571v-60.571h42.857l-26.857-82.286h-138.857l-26.857 82.286h42.857v60.571h-164v-60.571h40l131.429-378.286h92.571l131.429 378.286h40z"
        ],
        "width": 965.7051428571427,
        "attrs": [],
        "isMulticolor": false,
        "isMulticolor2": false,
        "tags": [
          "sort-alpha-asc"
        ],
        "defaultCode": 61789,
        "grid": 14
      },
      "attrs": [],
      "properties": {
        "name": "sort-alpha-asc",
        "id": 314,
        "order": 4,
        "prevSize": 28,
        "code": 61789
      },
      "setIdx": 0,
      "setId": 2,
      "iconIdx": 314
    },
    {
      "icon": {
        "paths": [
          "M680.571 818.286h101.143l-41.143-124.571-6.857-26.857c-0.571-4.571-1.143-8-1.143-11.429h-2.286l-1.714 11.429c-1.714 6.857-2.286 15.429-6.286 26.857zM420.571 822.857c0 5.143-2.286 9.714-5.714 13.714l-182.286 182.286c-4 3.429-8.571 5.143-13.143 5.143s-9.143-1.714-13.143-5.143l-182.857-182.857c-5.143-5.714-6.857-13.143-4-20s9.714-11.429 17.143-11.429h109.714v-786.286c0-10.286 8-18.286 18.286-18.286h109.714c10.286 0 18.286 8 18.286 18.286v786.286h109.714c10.286 0 18.286 8 18.286 18.286zM949.143 963.429v60.571h-164.571v-60.571h42.857l-26.857-82.286h-138.857l-26.857 82.286h42.857v60.571h-164v-60.571h40l131.429-378.286h92.571l131.429 378.286h40zM898.286 305.714v133.143h-333.714v-51.429l210.857-302.286c4.571-6.857 9.143-12.571 12-15.429l6.286-5.143v-1.714c-2.286 0-4.571 0.571-8 0.571-4.571 1.143-10.286 1.714-17.143 1.714h-132.571v65.714h-68.571v-130.857h324v50.857l-210.857 302.857c-3.429 5.143-8 10.286-12 14.857l-6.286 5.714v1.714l8-1.714c5.143-0.571 10.286-0.571 17.143-0.571h141.714v-68h69.143z"
        ],
        "width": 965.7051428571427,
        "attrs": [],
        "isMulticolor": false,
        "isMulticolor2": false,
        "tags": [
          "sort-alpha-desc"
        ],
        "defaultCode": 61790,
        "grid": 14
      },
      "attrs": [],
      "properties": {
        "name": "sort-alpha-desc",
        "id": 315,
        "order": 5,
        "prevSize": 28,
        "code": 61790
      },
      "setIdx": 0,
      "setId": 2,
      "iconIdx": 315
    },
    {
      "icon": {
        "paths": [
          "M420.571 822.857c0 5.143-2.286 9.714-5.714 13.714l-182.286 182.286c-4 3.429-8.571 5.143-13.143 5.143s-9.143-1.714-13.143-5.143l-182.857-182.857c-5.143-5.714-6.857-13.143-4-20s9.714-11.429 17.143-11.429h109.714v-786.286c0-10.286 8-18.286 18.286-18.286h109.714c10.286 0 18.286 8 18.286 18.286v786.286h109.714c10.286 0 18.286 8 18.286 18.286zM1024 896v109.714c0 10.286-8 18.286-18.286 18.286h-475.429c-10.286 0-18.286-8-18.286-18.286v-109.714c0-10.286 8-18.286 18.286-18.286h475.429c10.286 0 18.286 8 18.286 18.286zM914.286 603.429v109.714c0 10.286-8 18.286-18.286 18.286h-365.714c-10.286 0-18.286-8-18.286-18.286v-109.714c0-10.286 8-18.286 18.286-18.286h365.714c10.286 0 18.286 8 18.286 18.286zM804.571 310.857v109.714c0 10.286-8 18.286-18.286 18.286h-256c-10.286 0-18.286-8-18.286-18.286v-109.714c0-10.286 8-18.286 18.286-18.286h256c10.286 0 18.286 8 18.286 18.286zM694.857 18.286v109.714c0 10.286-8 18.286-18.286 18.286h-146.286c-10.286 0-18.286-8-18.286-18.286v-109.714c0-10.286 8-18.286 18.286-18.286h146.286c10.286 0 18.286 8 18.286 18.286z"
        ],
        "width": 1040.6034285714286,
        "attrs": [],
        "isMulticolor": false,